SNP,Chr.,Position,Allele,Chinese OR
rs707475,1,7857016,G/A,1.03
rs616488,1,10506158,A/G,0.92
rs2992756,1,18480845,T/C,1
rs4233486,1,40914768,C/T,1.02
rs114282204,1,40923548,T/C,1.68
rs144105764,1,46204534,TC/T,1.03
rs56168262,1,51001424,CT/C,1.02
rs17426269,1,87691240,G/A,1.01
rs2151842,1,87962516,C/A,0.98
rs612683,1,100414772,A/T,0.98
rs56097627,1,109655507,CAAA/C,0.91
rs7513707,1,113903258,G/A,1.03
rs12406858,1,117598870,A/C,0.96
rs637868,1,119714487,T/C,1.03
rs11249433,1,121538815,A/G,1.31
rs111458676,1,121546196,A/G,0.97
rs72127681,1,145830811,C/CT,0.98
rs11205303,1,149934520,T/C,1.07
rs12091730,1,155587180,G/A,0.99
rs139315904,1,168201814,CA/C,0.37
rs11463354,1,172359627,T/TA,0.98
rs35383942,1,201468704,C/T,1
rs6686987,1,202215472,C/T,0.99
rs7514172,1,203801320,T/A,1.04
rs11268668,1,204533386,T/TTCTGAAACAGGG,0.75
rs2785646,1,207902946,G/A,0.77
rs2576261,1,216880473,T/G,1.06
rs11117758,1,217047232,G/A,0.99
rs11118563,1,220497708,C/T,1.07
rs72755295,1,241870961,A/G,1
rs78425380,2,9998855,T/C,1.48
rs6743383,2,19115914,T/A,0.95
rs6725517,2,24906604,A/G,0.98
rs12472404,2,28956586,G/C,0.97
rs4322799,2,29392367,T/C,1.23
rs11406722,2,39472369,C/CT,1
rs6756513,2,69945455,G/A,0.97
rs1036759,2,88059306,G/C,1.04
rs6746250,2,120300678,A/G,0.98
rs17625845,2,120332155,T/C,1.07
rs10164550,2,120401629,G/A,1.02
rs10179592,2,120488992,T/C,1.09
rs17726078,2,172109838,C/G,1
rs1550622,2,173348182,A/G,2.4
rs2356656,2,191517208,C/T,0.98
rs10197246,2,201340018,T/C,0.89
rs4442975,2,217056046,G/T,0.9
2:217955896:GA:G,2,217091173,GA/G,NA
rs11693806,2,217427435,C/G,0.91
rs3791977,2,217850122,G/A,0.99
rs4676356,2,240449440,C/A,0.44
rs6762558,3,4700567,A/G,1.01
rs552647,3,27312225,C/A,1.08
c3_pos27363668,3,27347173,C/G,1.06
rs112476261,3,29253354,C/T,NA
rs17838698,3,30643415,C/T,1.05
rs56387622,3,46846708,T/C,0.93
3:49709912:C:CT,3,49672479,C/CT,0.93
rs138866686,3,55936749,A/AT,NA
rs2886671,3,59388019,C/T,0.97
rs147250346,3,63901773,T/TTG,1.04
rs9825432,3,71571219,T/G,1
rs13066793,3,86988393,A/G,0.67
rs639355,3,99685033,G/A,0.95
rs34207738,3,141394017,CTT/C,1
rs58058861,3,172567447,G/A,1.05
rs9882792,3,190056667,C/T,1.02
rs10012017,4,38783012,G/T,1.08
4:84370124:TAA:TA,4,83448971,TAA/TA,0.99
rs17014016,4,88319324,G/A,1.08
rs147404208,4,91673708,TTCTTTC/T,0.97
rs62331150,4,105147856,G/T,1
rs147399132,4,125831837,A/AAT,0.98
rs56039025,4,142546042,C/T,1.14
rs138786872,4,150297144,CATATTT/C,0.98
rs28436676,4,174921344,G/A,0.97
rs62334414,4,174926285,C/A,1.01
rs13147907,4,186582604,A/T,0.98
rs116095464,5,344994,T/C,0.79
rs10069690,5,1279675,C/T,1.09
rs3215401,5,1296140,A/AG,0.95
rs62329727,5,1352962,T/C,1.01
rs4866496,5,2776915,G/A,1.01
rs17611291,5,16231085,G/C,1.01
rs35130031,5,32579510,TCA/T,1.06
rs58166936,5,44508162,G/GT,0.94
rs187108781,5,44619400,A/G,1.4
rs4613718,5,44649842,C/T,1.08
rs10941679,5,44706396,A/G,1.06
rs17343002,5,44853491,G/C,0.74
rs199562199,5,53383709,C/CA,0.98
rs113803968,5,56366713,C/CT,1.04
rs889310,5,56669340,C/T,1.03
rs16886165,5,56727256,T/G,1.08
rs76250845,5,56747145,C/T,1.21
rs11949391,5,56749254,T/C,0.86
rs113778879,5,58945885,C/T,1.02
rs3010266,5,72669180,G/A,1.06
rs157557,5,73938758,T/C,1
rs144028731,5,77859573,GT/G,0.96
rs34525310,5,79885172,G/GA,1.05
rs146817970,5,82217128,TA/T,1.05
rs332529,5,91493653,G/A,0.96
rs17157372,5,104964572,G/T,0.92
rs335160,5,123142982,C/A,0.98
rs1428387,5,123369550,C/T,1.06
rs6860806,5,132304843,A/G,0.98
rs6596100,5,133071366,C/T,1.02
rs1432679,5,158817075,C/T,0.95
rs10074269,5,170164456,T/C,1.05
rs6864691,5,173931151,G/A,0.97
rs4868701,5,176707881,T/C,1
rs418053,6,13713134,G/C,0.95
rs3819405,6,16399326,C/T,0.94
rs12211970,6,18782909,G/A,1.02
6:20537845:CA:C,6,20537614,CA/C,0.93
rs9358466,6,21923579,T/C,0.98
rs34196306,6,27457865,G/C,1
rs111342015,6,43259403,G/A,1.05
6:82263549:AAT:A,6,81553832,AAT/A,0.99
rs146519950,6,85202476,CAA/C,NA
rs73754909,6,87094101,T/C,1.05
rs55941023,6,130020583,C/CT,0.94
rs2121348,6,149274369,T/C,0.91
rs6913578,6,151628671,A/C,1.25
rs60954078,6,151634779,A/G,1.27
rs57589542,6,151701529,CAAAAAAA/C,1.06
rs851984,6,151702056,G/A,1.08
rs6904031,6,151734843,A/T,1.11
rs910416,6,152111767,C/T,1.06
rs9364472,6,168606267,C/G,0.96
rs6940159,6,170017397,T/C,1.04
rs7971,7,21901342,A/G,0.94
rs289997,7,25529928,C/T,1
rs74765302,7,28829400,G/A,1.55
rs13244925,7,55124563,A/C,0.98
rs10644978,7,91829875,A/ATT,1.02
rs17268829,7,94484487,T/C,1
rs4439053,7,98375923,G/A,0.96
rs111963714,7,100351032,T/G,1.12
rs71559437,7,101909160,G/A,1.06
rs7800548,7,102841395,T/C,1.02
rs12706954,7,130972152,C/T,0.96
rs68056147,7,130989722,G/A,1.09
rs5887960,7,140243902,CT/C,1.05
rs62485509,7,144351809,G/T,0.99
rs66823261,8,220692,T/C,1.04
rs3988353,8,17930101,CT/C,1
rs1028016,8,23589983,A/G,0.95
rs310295,8,23806140,C/A,1.05
rs9693444,8,29652100,A/C,0.93
rs13365225,8,37000965,A/G,0.93
rs1511243,8,75318708,A/G,1.2
rs72658084,8,75420821,C/T,1
rs1533366,8,75465930,G/T,1.02
rs62517052,8,101470872,T/C,1.4
rs12546444,8,105346392,A/T,0.98
rs13267382,8,116197325,A/G,0.97
rs62526620,8,119849946,A/G,0.87
rs35542655,8,123551465,T/C,1.01
rs12541094,8,123559341,G/A,1.01
rs7842619,8,123727673,T/G,1.05
rs35961416,8,127201316,C/CA,0.93
rs12550713,8,127358703,C/G,1.04
rs10096351,8,127359926,A/G,1
rs1016578,8,128187320,G/A,1
rs7830152,8,142587893,A/G,1.01
rs10975870,9,6880263,A/G,1.33
rs3057314,9,21964883,CAAAA/C,1.07
rs17694493,9,22041999,C/G,1.18
rs4880038,9,36928291,T/C,1
rs665889,9,85167296,T/C,1.02
rs10120432,9,95600305,T/C,0.98
rs60037937,9,107541527,TAA/T,1.07
rs10816625,9,108074792,A/G,1.06
rs13294895,9,108074895,C/T,1.16
rs7848334,9,108087244,G/T,1.23
rs630965,9,108123199,C/T,1.07
rs1895062,9,116551207,A/G,1.01
rs3861871,9,126662440,A/G,0.94
9:136146597:C:T,9,133271182,C/T,1.03
c10_pos5834658,10,5752689,A/G,1.04
rs10796139,10,13850298,G/A,1.02
rs7072776,10,21744013,A/G,0.92
10:22477776:ACC:A,10,22188847,ACC/A,0.83
rs10764337,10,22572561,A/C,0.92
rs2384736,10,38234698,C/A,1.02
rs10995201,10,62540131,A/G,1.12
rs6479868,10,63060236,G/T,1.02
rs111833376,10,69575818,C/T,1.07
rs719338,10,79091500,G/T,0.96
rs4980029,10,79126969,A/G,1.09
rs140936696,10,93532430,CAA/C,0.99
rs10885405,10,113017911,C/T,1.19
rs12250948,10,113368732,T/C,0.98
rs9421410,10,121335695,G/A,0.98
rs45631580,10,121580593,A/G,0.99
rs35054928,10,121580917,GC/G,0.81
rs45631563,10,121589810,A/T,0.85
rs7394715,11,433617,T/C,0.67
rs6597981,11,803017,A/G,1.09
rs4980386,11,1874478,C/A,0.92
rs10832963,11,18642694,T/G,0.99
rs4472923,11,42822891,C/T,0.97
rs10838267,11,44347342,G/A,1.02
rs77047825,11,46296481,C/G,0.32
rs12287832,11,65786021,C/A,1.05
rs10896047,11,65804960,G/A,0.98
rs35039974,11,69513362,A/T,0.97
rs661204,11,69516215,G/A,1.2
rs78540526,11,69516650,C/T,1.34
rs7125780,11,103743710,T/G,1
rs199504893,11,108396675,C/CA,1.01
rs610437,11,111825716,T/C,0.97
rs625145,11,116857220,A/T,0.99
rs7121616,11,123095918,A/G,0.97
rs7939702,11,129373522,T/G,0.9
rs11822830,11,129591121,A/G,1.04
12:293626:A:G,12,184460,A/G,1.04
rs12422552,12,14260997,G/C,1.09
rs788458,12,27996635,C/T,0.85
rs7297051,12,28021884,C/T,0.86
12:28347382:C:T,12,28194449,C/T,0.96
12:29140260:G:A,12,28987327,G/A,1.1
rs2277339,12,56752285,T/G,0.94
12:70798355:A:T,12,70404575,A/T,1.05
12:83064195:G:GA,12,82670416,G/GA,1.03
12:85004551:C:T,12,84610772,C/T,0.98
rs17356907,12,95633983,A/G,0.95
12:103097887:C:T,12,102704109,C/T,1.66
12:111600134:G:T,12,111162330,G/T,1.37
12:115108136:T:C,12,114670331,T/C,1.02
12:115796577:A:G,12,115358772,A/G,0.99
rs2454399,12,115398031,T/C,0.91
12:120832146:C:T,12,120394343,C/T,0.98
rs56404467,13,32265853,G/A,NA
rs11571833,13,32398489,A/T,1
rs9315973,13,42927220,A/G,1.03
rs12870942,13,73232845,T/C,1.06
rs2181965,13,73386815,A/G,1.48
rs34914085,14,36659359,C/A,0.93
rs2253012,14,36759299,C/T,1.09
rs2588809,14,68193711,T/C,0.95
rs11624333,14,68513118,T/C,0.98
rs11341843,14,91285444,TC/T,0.99
rs941764,14,91374725,A/G,1.02
rs78440108,14,92603941,C/T,1.07
rs4983544,14,104747641,T/G,1
rs187010898,15,46388613,C/A,NA
rs4774565,15,50402109,A/G,1.02
rs8042593,15,66338231,G/A,0.98
rs35874463,15,67165360,A/G,NA
rs8035987,15,75458042,T/C,0.96
rs2290202,15,90969037,G/T,0.92
rs144767203,15,100365614,A/C,1.04
rs57920543,16,3958541,CAAAAA/C,0.91
rs11076805,16,4056787,C/A,0.98
rs12709163,16,6913971,C/G,0.98
rs34872983,16,10612723,G/A,1
rs75753503,16,22995726,G/T,1.06
rs35668161,16,52504913,C/A,1.21
rs4784227,16,52565276,C/T,1.2
rs55872725,16,53775211,C/T,0.92
rs6499648,16,53827227,C/T,0.9
rs7184573,16,53827680,G/A,0.93
rs28539243,16,54648152,G/A,1.06
rs7500067,16,80614399,A/G,0.97
rs9931038,16,85112371,T/C,1.14
rs12449271,16,87052886,T/C,1.04
rs79461387,17,30841059,G/T,0.94
rs150537328,17,41094871,T/C,0.65
rs11296,17,41975042,T/C,1
rs17881320,17,42333221,G/T,0.84
rs149370081,17,42592452,G/A,1.01
rs71363517,17,45134972,C/CT,1.01
17:44283858:G:A,17,46206492,G/A,
rs2787486,17,55132413,A/C,0.96
rs745570,17,79807926,A/G,0.96
rs16976596,18,11696614,C/T,0.93
rs11665269,18,23054290,C/T,0.95
rs1111207,18,26545893,T/C,1.02
rs527616,18,26757460,C/G,1.04
rs35369219,18,26938086,AT/A,0.94
rs8092192,18,27827549,C/G,1.02
rs72931898,18,32401563,G/A,0.86
rs9954058,18,44831838,G/C,0.94
rs9952980,18,45308832,T/C,0.93
rs117922601,19,13139107,G/T,1
rs56069439,19,17283116,C/A,0.83
rs10164323,19,18458682,C/T,0.9
rs140702307,19,19406245,C/CGGGCG,1.06
rs56681946,19,43778879,T/C,1.01
rs4399645,19,45662815,T/C,0.96
rs1172821,19,55305310,C/T,1.06
rs16991615,20,5967581,G/A,1
rs1154723,20,11399194,T/C,NA
rs6030585,20,42985066,C/G,0.98
rs13039563,20,53680310,G/A,1.05
rs2822999,21,14992435,T/G,0.98
rs2823130,21,15194030,A/G,1.06
rs2403907,21,15202135,C/A,0.93
rs4818836,21,46343018,G/A,1.13
rs9798754,22,19778614,C/T,0.94
rs17879961,22,28725099,A/G,1.01
rs5997390,22,28739555,G/A,1.07
rs34134147,22,28807736,C/T,NA
rs132289,22,29155884,A/G,1
rs373038216,22,38187308,AAAAG/AAAAGAAAG,1.01
rs5750715,22,38947911,T/A,1.1
rs66987842,22,40508703,CT/C,1.09
rs9611990,22,43037094,C/T,0.67
rs112855987,22,44924073,G/A,0.97
rs28512361,22,45887417,G/A,1