SNP ID,CHR,BP,Allele,chinese OR,Effect Size,sample 1,score
rs707475,chr1,7857016,G/A,1,1.03,0.02955880224154443,0.02955880224154443
rs616488,chr1,10506158,A/G,null,0.92,-0.08338160893905101,null
rs2992756,chr1,18480845,T/C,null,1.0,0.0,null
rs4233486,chr1,40914768,C/T,1,1.02,0.01980262729617973,0.01980262729617973
rs114282204,chr1,40923548,T/C,null,1.68,0.5187937934151675,null
rs144105764,chr1,46204534,TC/T,null,1.03,0.02955880224154443,null
rs56168262,chr1,51001424,CT/C,null,1.02,0.01980262729617973,null
rs17426269,chr1,87691240,G/A,null,1.01,0.009950330853168092,null
rs2151842,chr1,87962516,C/A,null,0.98,-0.020202707317519466,null
rs612683,chr1,100414772,A/T,1,0.98,-0.020202707317519466,-0.020202707317519466
rs56097627,chr1,109655507,CAAA/C,null,0.91,-0.09431067947124129,null
rs7513707,chr1,113903258,G/A,null,1.03,0.02955880224154443,null
rs12406858,chr1,117598870,A/C,1,0.96,-0.040821994520255166,-0.040821994520255166
rs637868,chr1,119714487,T/C,1,1.03,0.02955880224154443,0.02955880224154443
rs11249433,chr1,121538815,A/G,null,1.31,0.2700271372130602,null
rs111458676,chr1,121546196,A/G,null,0.97,-0.030459207484708574,null
rs72127681,chr1,145830811,C/CT,null,0.98,-0.020202707317519466,null
rs11205303,chr1,149934520,T/C,1,1.07,0.06765864847381486,0.06765864847381486
rs12091730,chr1,155587180,G/A,1,0.99,-0.01005033585350145,-0.01005033585350145
rs139315904,chr1,168201814,CA/C,null,0.37,-0.9942522733438669,null
rs11463354,chr1,172359627,T/TA,null,0.98,-0.020202707317519466,null
rs35383942,chr1,201468704,C/T,null,1.0,0.0,null
rs6686987,chr1,202215472,C/T,null,0.99,-0.01005033585350145,null
rs7514172,chr1,203801320,T/A,null,1.04,0.03922071315328133,null
rs11268668,chr1,204533386,T/TTCTGAAACAGGG,null,0.75,-0.2876820724517809,null
rs2785646,chr1,207902946,G/A,null,0.77,-0.2613647641344075,null
rs2576261,chr1,216880473,T/G,1,1.06,0.058268908123975824,0.058268908123975824
rs11117758,chr1,217047232,G/A,null,0.99,-0.01005033585350145,null
rs11118563,chr1,220497708,C/T,2,1.07,0.06765864847381486,0.13531729694762973
rs72755295,chr1,241870961,A/G,null,1.0,0.0,null
rs78425380,chr2,9998855,T/C,null,1.48,0.3920420877760237,null
rs6743383,chr2,19115914,T/A,2,0.95,-0.05129329438755058,-0.10258658877510116
rs6725517,chr2,24906604,A/G,2,0.98,-0.020202707317519466,-0.04040541463503893
rs12472404,chr2,28956586,G/C,1,0.97,-0.030459207484708574,-0.030459207484708574
rs4322799,chr2,29392367,T/C,null,1.23,0.20701416938432612,null
rs11406722,chr2,39472369,C/CT,null,1.0,0.0,null
rs6756513,chr2,69945455,G/A,null,0.97,-0.030459207484708574,null
rs1036759,chr2,88059306,G/C,1,1.04,0.03922071315328133,0.03922071315328133
rs6746250,chr2,120300678,A/G,1,0.98,-0.020202707317519466,-0.020202707317519466
rs17625845,chr2,120332155,T/C,null,1.07,0.06765864847381486,null
rs10164550,chr2,120401629,G/A,null,1.02,0.01980262729617973,null
rs10179592,chr2,120488992,T/C,1,1.09,0.08617769624105241,0.08617769624105241
rs17726078,chr2,172109838,C/G,null,1.0,0.0,null
rs1550622,chr2,173348182,A/G,1,2.4,0.8754687373538999,0.8754687373538999
rs2356656,chr2,191517208,C/T,1,0.98,-0.020202707317519466,-0.020202707317519466
rs10197246,chr2,201340018,T/C,1,0.89,-0.11653381625595151,-0.11653381625595151
rs4442975,chr2,217056046,G/T,1,0.9,-0.10536051565782628,-0.10536051565782628
2:217955896:GA:G,chr2,217091173,GA/G,null,nan,nan,null
rs11693806,chr2,217427435,C/G,1,0.91,-0.09431067947124129,-0.09431067947124129
rs3791977,chr2,217850122,G/A,1,0.99,-0.01005033585350145,-0.01005033585350145
rs4676356,chr2,240449440,C/A,1,0.44,-0.8209805520698302,-0.8209805520698302
rs6762558,chr3,4700567,A/G,null,1.01,0.009950330853168092,null
rs552647,chr3,27312225,C/A,null,1.08,0.0769610411361284,null
c3_pos27363668,chr3,27347173,C/G,null,1.06,0.058268908123975824,null
rs112476261,chr3,29253354,C/T,null,nan,nan,null
rs17838698,chr3,30643415,C/T,1,1.05,0.04879016416943205,0.04879016416943205
rs56387622,chr3,46846708,T/C,null,0.93,-0.07257069283483537,null
3:49709912:C:CT,chr3,49672479,C/CT,null,0.93,-0.07257069283483537,null
rs138866686,chr3,55936749,A/AT,null,nan,nan,null
rs2886671,chr3,59388019,C/T,1,0.97,-0.030459207484708574,-0.030459207484708574
rs147250346,chr3,63901773,T/TTG,null,1.04,0.03922071315328133,null
rs9825432,chr3,71571219,T/G,null,1.0,0.0,null
rs13066793,chr3,86988393,A/G,null,0.67,-0.40047756659712525,null
rs639355,chr3,99685033,G/A,1,0.95,-0.05129329438755058,-0.05129329438755058
rs34207738,chr3,141394017,CTT/C,null,1.0,0.0,null
rs58058861,chr3,172567447,G/A,null,1.05,0.04879016416943205,null
rs9882792,chr3,190056667,C/T,null,1.02,0.01980262729617973,null
rs10012017,chr4,38783012,G/T,1,1.08,0.0769610411361284,0.0769610411361284
4:84370124:TAA:TA,chr4,83448971,TAA/TA,null,0.99,-0.01005033585350145,null
rs17014016,chr4,88319324,G/A,null,1.08,0.0769610411361284,null
rs147404208,chr4,91673708,TTCTTTC/T,null,0.97,-0.030459207484708574,null
rs62331150,chr4,105147856,G/T,1,1.0,0.0,0.0
rs147399132,chr4,125831837,A/AAT,null,0.98,-0.020202707317519466,null
rs56039025,chr4,142546042,C/T,null,1.14,0.131028262406404,null
rs138786872,chr4,150297144,CATATTT/C,null,0.98,-0.020202707317519466,null
rs28436676,chr4,174921344,G/A,null,0.97,-0.030459207484708574,null
rs62334414,chr4,174926285,C/A,null,1.01,0.009950330853168092,null
rs13147907,chr4,186582604,A/T,null,0.98,-0.020202707317519466,null
rs116095464,chr5,344994,T/C,null,0.79,-0.23572233352106983,null
rs10069690,chr5,1279675,C/T,1,1.09,0.08617769624105241,0.08617769624105241
rs3215401,chr5,1296140,A/AG,null,0.95,-0.05129329438755058,null
rs62329727,chr5,1352962,T/C,null,1.01,0.009950330853168092,null
rs4866496,chr5,2776915,G/A,1,1.01,0.009950330853168092,0.009950330853168092
rs17611291,chr5,16231085,G/C,null,1.01,0.009950330853168092,null
rs35130031,chr5,32579510,TCA/T,null,1.06,0.058268908123975824,null
rs58166936,chr5,44508162,G/GT,null,0.94,-0.06187540371808753,null
rs187108781,chr5,44619400,A/G,null,1.4,0.3364722366212129,null
rs4613718,chr5,44649842,C/T,1,1.08,0.0769610411361284,0.0769610411361284
rs10941679,chr5,44706396,A/G,1,1.06,0.058268908123975824,0.058268908123975824
rs17343002,chr5,44853491,G/C,null,0.74,-0.3011050927839216,null
rs199562199,chr5,53383709,C/CA,null,0.98,-0.020202707317519466,null
rs113803968,chr5,56366713,C/CT,null,1.04,0.03922071315328133,null
rs889310,chr5,56669340,C/T,1,1.03,0.02955880224154443,0.02955880224154443
rs16886165,chr5,56727256,T/G,null,1.08,0.0769610411361284,null
rs76250845,chr5,56747145,C/T,null,1.21,0.1906203596086497,null
rs11949391,chr5,56749254,T/C,null,0.86,-0.15082288973458366,null
rs113778879,chr5,58945885,C/T,null,1.02,0.01980262729617973,null
rs3010266,chr5,72669180,G/A,null,1.06,0.058268908123975824,null
rs157557,chr5,73938758,T/C,1,1.0,0.0,0.0
rs144028731,chr5,77859573,GT/G,null,0.96,-0.040821994520255166,null
rs34525310,chr5,79885172,G/GA,null,1.05,0.04879016416943205,null
rs146817970,chr5,82217128,TA/T,null,1.05,0.04879016416943205,null
rs332529,chr5,91493653,G/A,1,0.96,-0.040821994520255166,-0.040821994520255166
rs17157372,chr5,104964572,G/T,1,0.92,-0.08338160893905101,-0.08338160893905101
rs335160,chr5,123142982,C/A,1,0.98,-0.020202707317519466,-0.020202707317519466
rs1428387,chr5,123369550,C/T,null,1.06,0.058268908123975824,null
rs6860806,chr5,132304843,A/G,1,0.98,-0.020202707317519466,-0.020202707317519466
rs6596100,chr5,133071366,C/T,null,1.02,0.01980262729617973,null
rs1432679,chr5,158817075,C/T,1,0.95,-0.05129329438755058,-0.05129329438755058
rs10074269,chr5,170164456,T/C,null,1.05,0.04879016416943205,null
rs6864691,chr5,173931151,G/A,1,0.97,-0.030459207484708574,-0.030459207484708574
rs4868701,chr5,176707881,T/C,null,1.0,0.0,null
rs418053,chr6,13713134,G/C,null,0.95,-0.05129329438755058,null
rs3819405,chr6,16399326,C/T,null,0.94,-0.06187540371808753,null
rs12211970,chr6,18782909,G/A,1,1.02,0.01980262729617973,0.01980262729617973
6:20537845:CA:C,chr6,20537614,CA/C,null,0.93,-0.07257069283483537,null
rs9358466,chr6,21923579,T/C,1,0.98,-0.020202707317519466,-0.020202707317519466
rs34196306,chr6,27457865,G/C,null,1.0,0.0,null
rs111342015,chr6,43259403,G/A,null,1.05,0.04879016416943205,null
6:82263549:AAT:A,chr6,81553832,AAT/A,null,0.99,-0.01005033585350145,null
rs146519950,chr6,85202476,CAA/C,null,nan,nan,null
rs73754909,chr6,87094101,T/C,null,1.05,0.04879016416943205,null
rs55941023,chr6,130020583,C/CT,null,0.94,-0.06187540371808753,null
rs2121348,chr6,149274369,T/C,2,0.91,-0.09431067947124129,-0.18862135894248258
rs6913578,chr6,151628671,A/C,1,1.25,0.22314355131420976,0.22314355131420976
rs60954078,chr6,151634779,A/G,1,1.27,0.23901690047049992,0.23901690047049992
rs57589542,chr6,151701529,CAAAAAAA/C,null,1.06,0.058268908123975824,null
rs851984,chr6,151702056,G/A,2,1.08,0.0769610411361284,0.1539220822722568
rs6904031,chr6,151734843,A/T,1,1.11,0.10436001532424286,0.10436001532424286
rs910416,chr6,152111767,C/T,1,1.06,0.058268908123975824,0.058268908123975824
rs9364472,chr6,168606267,C/G,1,0.96,-0.040821994520255166,-0.040821994520255166
rs6940159,chr6,170017397,T/C,1,1.04,0.03922071315328133,0.03922071315328133
rs7971,chr7,21901342,A/G,1,0.94,-0.06187540371808753,-0.06187540371808753
rs289997,chr7,25529928,C/T,null,1.0,0.0,null
rs74765302,chr7,28829400,G/A,null,1.55,0.4382549309311553,null
rs13244925,chr7,55124563,A/C,1,0.98,-0.020202707317519466,-0.020202707317519466
rs10644978,chr7,91829875,A/ATT,null,1.02,0.01980262729617973,null
rs17268829,chr7,94484487,T/C,null,1.0,0.0,null
rs4439053,chr7,98375923,G/A,null,0.96,-0.040821994520255166,null
rs111963714,chr7,100351032,T/G,null,1.12,0.11332868530700327,null
rs71559437,chr7,101909160,G/A,null,1.06,0.058268908123975824,null
rs7800548,chr7,102841395,T/C,1,1.02,0.01980262729617973,0.01980262729617973
rs12706954,chr7,130972152,C/T,null,0.96,-0.040821994520255166,null
rs68056147,chr7,130989722,G/A,null,1.09,0.08617769624105241,null
rs5887960,chr7,140243902,CT/C,null,1.05,0.04879016416943205,null
rs62485509,chr7,144351809,G/T,null,0.99,-0.01005033585350145,null
rs66823261,chr8,220692,T/C,null,1.04,0.03922071315328133,null
rs3988353,chr8,17930101,CT/C,null,1.0,0.0,null
rs1028016,chr8,23589983,A/G,2,0.95,-0.05129329438755058,-0.10258658877510116
rs310295,chr8,23806140,C/A,null,1.05,0.04879016416943205,null
rs9693444,chr8,29652100,A/C,1,0.93,-0.07257069283483537,-0.07257069283483537
rs13365225,chr8,37000965,A/G,null,0.93,-0.07257069283483537,null
rs1511243,chr8,75318708,A/G,1,1.2,0.1823215567939546,0.1823215567939546
rs72658084,chr8,75420821,C/T,null,1.0,0.0,null
rs1533366,chr8,75465930,G/T,null,1.02,0.01980262729617973,null
rs62517052,chr8,101470872,T/C,null,1.4,0.3364722366212129,null
rs12546444,chr8,105346392,A/T,null,0.98,-0.020202707317519466,null
rs13267382,chr8,116197325,A/G,1,0.97,-0.030459207484708574,-0.030459207484708574
rs62526620,chr8,119849946,A/G,null,0.87,-0.13926206733350766,null
rs35542655,chr8,123551465,T/C,1,1.01,0.009950330853168092,0.009950330853168092
rs12541094,chr8,123559341,G/A,1,1.01,0.009950330853168092,0.009950330853168092
rs7842619,chr8,123727673,T/G,null,1.05,0.04879016416943205,null
rs35961416,chr8,127201316,C/CA,null,0.93,-0.07257069283483537,null
rs12550713,chr8,127358703,C/G,null,1.04,0.03922071315328133,null
rs10096351,chr8,127359926,A/G,null,1.0,0.0,null
rs1016578,chr8,128187320,G/A,null,1.0,0.0,null
rs7830152,chr8,142587893,A/G,1,1.01,0.009950330853168092,0.009950330853168092
rs10975870,chr9,6880263,A/G,null,1.33,0.28517894223366247,null
rs3057314,chr9,21964883,CAAAA/C,null,1.07,0.06765864847381486,null
rs17694493,chr9,22041999,C/G,null,1.18,0.16551443847757333,null
rs4880038,chr9,36928291,T/C,1,1.0,0.0,0.0
rs665889,chr9,85167296,T/C,null,1.02,0.01980262729617973,null
rs10120432,chr9,95600305,T/C,1,0.98,-0.020202707317519466,-0.020202707317519466
rs60037937,chr9,107541527,TAA/T,null,1.07,0.06765864847381486,null
rs10816625,chr9,108074792,A/G,1,1.06,0.058268908123975824,0.058268908123975824
rs13294895,chr9,108074895,C/T,null,1.16,0.14842000511827322,null
rs7848334,chr9,108087244,G/T,1,1.23,0.20701416938432612,0.20701416938432612
rs630965,chr9,108123199,C/T,1,1.07,0.06765864847381486,0.06765864847381486
rs1895062,chr9,116551207,A/G,null,1.01,0.009950330853168092,null
rs3861871,chr9,126662440,A/G,1,0.94,-0.06187540371808753,-0.06187540371808753
9:136146597:C:T,chr9,133271182,C/T,null,1.03,0.02955880224154443,null
c10_pos5834658,chr10,5752689,A/G,null,1.04,0.03922071315328133,null
rs10796139,chr10,13850298,G/A,2,1.02,0.01980262729617973,0.03960525459235946
rs7072776,chr10,21744013,A/G,1,0.92,-0.08338160893905101,-0.08338160893905101
10:22477776:ACC:A,chr10,22188847,ACC/A,null,0.83,-0.18632957819149348,null
rs10764337,chr10,22572561,A/C,1,0.92,-0.08338160893905101,-0.08338160893905101
rs2384736,chr10,38234698,C/A,null,1.02,0.01980262729617973,null
rs10995201,chr10,62540131,A/G,null,1.12,0.11332868530700327,null
rs6479868,chr10,63060236,G/T,null,1.02,0.01980262729617973,null
rs111833376,chr10,69575818,C/T,null,1.07,0.06765864847381486,null
rs719338,chr10,79091500,G/T,null,0.96,-0.040821994520255166,null
rs4980029,chr10,79126969,A/G,1,1.09,0.08617769624105241,0.08617769624105241
rs140936696,chr10,93532430,CAA/C,null,0.99,-0.01005033585350145,null
rs10885405,chr10,113017911,C/T,null,1.19,0.17395330712343798,null
rs12250948,chr10,113368732,T/C,null,0.98,-0.020202707317519466,null
rs9421410,chr10,121335695,G/A,null,0.98,-0.020202707317519466,null
rs45631580,chr10,121580593,A/G,1,0.99,-0.01005033585350145,-0.01005033585350145
rs35054928,chr10,121580917,GC/G,null,0.81,-0.21072103131565253,null
rs45631563,chr10,121589810,A/T,null,0.85,-0.16251892949777494,null
rs7394715,chr11,433617,T/C,1,0.67,-0.40047756659712525,-0.40047756659712525
rs6597981,chr11,803017,A/G,null,1.09,0.08617769624105241,null
rs4980386,chr11,1874478,C/A,2,0.92,-0.08338160893905101,-0.16676321787810203
rs10832963,chr11,18642694,T/G,1,0.99,-0.01005033585350145,-0.01005033585350145
rs4472923,chr11,42822891,C/T,null,0.97,-0.030459207484708574,null
rs10838267,chr11,44347342,G/A,null,1.02,0.01980262729617973,null
rs77047825,chr11,46296481,C/G,null,0.32,-1.1394342831883648,null
rs12287832,chr11,65786021,C/A,null,1.05,0.04879016416943205,null
rs10896047,chr11,65804960,G/A,null,0.98,-0.020202707317519466,null
rs35039974,chr11,69513362,A/T,null,0.97,-0.030459207484708574,null
rs661204,chr11,69516215,G/A,null,1.2,0.1823215567939546,null
rs78540526,chr11,69516650,C/T,null,1.34,0.29266961396282004,null
rs7125780,chr11,103743710,T/G,1,1.0,0.0,0.0
rs199504893,chr11,108396675,C/CA,null,1.01,0.009950330853168092,null
rs610437,chr11,111825716,T/C,1,0.97,-0.030459207484708574,-0.030459207484708574
rs625145,chr11,116857220,A/T,null,0.99,-0.01005033585350145,null
rs7121616,chr11,123095918,A/G,null,0.97,-0.030459207484708574,null
rs7939702,chr11,129373522,T/G,1,0.9,-0.10536051565782628,-0.10536051565782628
rs11822830,chr11,129591121,A/G,null,1.04,0.03922071315328133,null
12:293626:A:G,chr12,184460,A/G,1,1.04,0.03922071315328133,0.03922071315328133
rs12422552,chr12,14260997,G/C,1,1.09,0.08617769624105241,0.08617769624105241
rs788458,chr12,27996635,C/T,null,0.85,-0.16251892949777494,null
rs7297051,chr12,28021884,C/T,null,0.86,-0.15082288973458366,null
12:28347382:C:T,chr12,28194449,C/T,null,0.96,-0.040821994520255166,null
12:29140260:G:A,chr12,28987327,G/A,1,1.1,0.09531017980432493,0.09531017980432493
rs2277339,chr12,56752285,T/G,null,0.94,-0.06187540371808753,null
12:70798355:A:T,chr12,70404575,A/T,null,1.05,0.04879016416943205,null
12:83064195:G:GA,chr12,82670416,G/GA,null,1.03,0.02955880224154443,null
12:85004551:C:T,chr12,84610772,C/T,null,0.98,-0.020202707317519466,null
rs17356907,chr12,95633983,A/G,null,0.95,-0.05129329438755058,null
12:103097887:C:T,chr12,102704109,C/T,null,1.66,0.5068176023684519,null
12:111600134:G:T,chr12,111162330,G/T,null,1.37,0.3148107398400336,null
12:115108136:T:C,chr12,114670331,T/C,1,1.02,0.01980262729617973,0.01980262729617973
12:115796577:A:G,chr12,115358772,A/G,null,0.99,-0.01005033585350145,null
rs2454399,chr12,115398031,T/C,null,0.91,-0.09431067947124129,null
12:120832146:C:T,chr12,120394343,C/T,null,0.98,-0.020202707317519466,null
rs56404467,chr13,32265853,G/A,null,nan,nan,null
rs11571833,chr13,32398489,A/T,null,1.0,0.0,null
rs9315973,chr13,42927220,A/G,null,1.03,0.02955880224154443,null
rs12870942,chr13,73232845,T/C,2,1.06,0.058268908123975824,0.11653781624795165
rs2181965,chr13,73386815,A/G,1,1.48,0.3920420877760237,0.3920420877760237
rs34914085,chr14,36659359,C/A,1,0.93,-0.07257069283483537,-0.07257069283483537
rs2253012,chr14,36759299,C/T,null,1.09,0.08617769624105241,null
rs2588809,chr14,68193711,T/C,1,0.95,-0.05129329438755058,-0.05129329438755058
rs11624333,chr14,68513118,T/C,null,0.98,-0.020202707317519466,null
rs11341843,chr14,91285444,TC/T,null,0.99,-0.01005033585350145,null
rs941764,chr14,91374725,A/G,null,1.02,0.01980262729617973,null
rs78440108,chr14,92603941,C/T,null,1.07,0.06765864847381486,null
rs4983544,chr14,104747641,T/G,1,1.0,0.0,0.0
rs187010898,chr15,46388613,C/A,null,nan,nan,null
rs4774565,chr15,50402109,A/G,null,1.02,0.01980262729617973,null
rs8042593,chr15,66338231,G/A,1,0.98,-0.020202707317519466,-0.020202707317519466
rs35874463,chr15,67165360,A/G,null,nan,nan,null
rs8035987,chr15,75458042,T/C,1,0.96,-0.040821994520255166,-0.040821994520255166
rs2290202,chr15,90969037,G/T,1,0.92,-0.08338160893905101,-0.08338160893905101
rs144767203,chr15,100365614,A/C,null,1.04,0.03922071315328133,null
rs57920543,chr16,3958541,CAAAAA/C,null,0.91,-0.09431067947124129,null
rs11076805,chr16,4056787,C/A,null,0.98,-0.020202707317519466,null
rs12709163,chr16,6913971,C/G,1,0.98,-0.020202707317519466,-0.020202707317519466
rs34872983,chr16,10612723,G/A,null,1.0,0.0,null
rs75753503,chr16,22995726,G/T,null,1.06,0.058268908123975824,null
rs35668161,chr16,52504913,C/A,1,1.21,0.1906203596086497,0.1906203596086497
rs4784227,chr16,52565276,C/T,1,1.2,0.1823215567939546,0.1823215567939546
rs55872725,chr16,53775211,C/T,null,0.92,-0.08338160893905101,null
rs6499648,chr16,53827227,C/T,1,0.9,-0.10536051565782628,-0.10536051565782628
rs7184573,chr16,53827680,G/A,null,0.93,-0.07257069283483537,null
rs28539243,chr16,54648152,G/A,1,1.06,0.058268908123975824,0.058268908123975824
rs7500067,chr16,80614399,A/G,1,0.97,-0.030459207484708574,-0.030459207484708574
rs9931038,chr16,85112371,T/C,null,1.14,0.131028262406404,null
rs12449271,chr16,87052886,T/C,null,1.04,0.03922071315328133,null
rs79461387,chr17,30841059,G/T,null,0.94,-0.06187540371808753,null
rs150537328,chr17,41094871,T/C,null,0.65,-0.4307829160924542,null
rs11296,chr17,41975042,T/C,null,1.0,0.0,null
rs17881320,chr17,42333221,G/T,null,0.84,-0.1743533871447778,null
rs149370081,chr17,42592452,G/A,null,1.01,0.009950330853168092,null
rs71363517,chr17,45134972,C/CT,null,1.01,0.009950330853168092,null
17:44283858:G:A,chr17,46206492,G/A,null,nan,nan,null
rs2787486,chr17,55132413,A/C,1,0.96,-0.040821994520255166,-0.040821994520255166
rs745570,chr17,79807926,A/G,1,0.96,-0.040821994520255166,-0.040821994520255166
rs16976596,chr18,11696614,C/T,null,0.93,-0.07257069283483537,null
rs11665269,chr18,23054290,C/T,null,0.95,-0.05129329438755058,null
rs1111207,chr18,26545893,T/C,1,1.02,0.01980262729617973,0.01980262729617973
rs527616,chr18,26757460,C/G,1,1.04,0.03922071315328133,0.03922071315328133
rs35369219,chr18,26938086,AT/A,null,0.94,-0.06187540371808753,null
rs8092192,chr18,27827549,C/G,1,1.02,0.01980262729617973,0.01980262729617973
rs72931898,chr18,32401563,G/A,null,0.86,-0.15082288973458366,null
rs9954058,chr18,44831838,G/C,1,0.94,-0.06187540371808753,-0.06187540371808753
rs9952980,chr18,45308832,T/C,1,0.93,-0.07257069283483537,-0.07257069283483537
rs117922601,chr19,13139107,G/T,null,1.0,0.0,null
rs56069439,chr19,17283116,C/A,null,0.83,-0.18632957819149348,null
rs10164323,chr19,18458682,C/T,null,0.9,-0.10536051565782628,null
rs140702307,chr19,19406245,C/CGGGCG,null,1.06,0.058268908123975824,null
rs56681946,chr19,43778879,T/C,null,1.01,0.009950330853168092,null
rs4399645,chr19,45662815,T/C,null,0.96,-0.040821994520255166,null
rs1172821,chr19,55305310,C/T,null,1.06,0.058268908123975824,null
rs16991615,chr20,5967581,G/A,null,1.0,0.0,null
rs1154723,chr20,11399194,T/C,1,nan,nan,nan
rs6030585,chr20,42985066,C/G,1,0.98,-0.020202707317519466,-0.020202707317519466
rs13039563,chr20,53680310,G/A,null,1.05,0.04879016416943205,null
rs2822999,chr21,14992435,T/G,1,0.98,-0.020202707317519466,-0.020202707317519466
rs2823130,chr21,15194030,A/G,null,1.06,0.058268908123975824,null
rs2403907,chr21,15202135,C/A,null,0.93,-0.07257069283483537,null
rs4818836,chr21,46343018,G/A,null,1.13,0.12221763272424911,null
rs9798754,chr22,19778614,C/T,1,0.94,-0.06187540371808753,-0.06187540371808753
rs17879961,chr22,28725099,A/G,null,1.01,0.009950330853168092,null
rs5997390,chr22,28739555,G/A,null,1.07,0.06765864847381486,null
rs34134147,chr22,28807736,C/T,null,nan,nan,null
rs132289,chr22,29155884,A/G,1,1.0,0.0,0.0
rs373038216,chr22,38187308,AAAAG/AAAAGAAAG,null,1.01,0.009950330853168092,null
rs5750715,chr22,38947911,T/A,1,1.1,0.09531017980432493,0.09531017980432493
rs66987842,chr22,40508703,CT/C,null,1.09,0.08617769624105241,null
rs9611990,chr22,43037094,C/T,null,0.67,-0.40047756659712525,null
rs112855987,chr22,44924073,G/A,1,0.97,-0.030459207484708574,-0.030459207484708574
rs28512361,chr22,45887417,G/A,null,1.0,0.0,null
